id,title,source,qualityState,reasonCode,physicalSanity,manualStatus,manualReason,bannerColumnSpan,bannerPixelRatio,url
2037,9th Dawn III,LEGACY_IGDB,REVIEW,key_art_only,VERIFY,,,,,https://images.igdb.com/igdb/image/upload/t_cover_big/co2hpn.jpg
2077,American Hero,LEGACY_IGDB,REVIEW,key_art_only,VERIFY,,,,,https://images.igdb.com/igdb/image/upload/t_cover_big/co3w2u.jpg
1567,Aokana - Four Rhythms Across the Blue,LEGACY_IGDB,REVIEW,key_art_only,VERIFY,,,,,https://images.igdb.com/igdb/image/upload/t_cover_big/co2t16.jpg
1579,Back to the Future: The Game,LEGACY_IGDB,REVIEW,key_art_only,VERIFY,,,,,https://images.igdb.com/igdb/image/upload/t_cover_big/co5z46.jpg
2518,Beyond Enemy Lines 2: Enhanced Edition,LEGACY_IGDB,REVIEW,key_art_only,VERIFY,,,,,https://images.igdb.com/igdb/image/upload/t_cover_big/co6cm5.jpg
2068,Beyond the Ice Palace 2,LEGACY_IGDB,REVIEW,key_art_only,VERIFY,,,,,https://images.igdb.com/igdb/image/upload/t_cover_big/co82o9.jpg
2521,Bite the Bullet,LEGACY_IGDB,REVIEW,key_art_only,VERIFY,,,,,https://images.igdb.com/igdb/image/upload/t_cover_big/co2jbp.jpg
1964,Blast Brigade vs. the Evil Legion of Dr. Cread,LEGACY_IGDB,REVIEW,key_art_only,VERIFY,,,,,https://images.igdb.com/igdb/image/upload/t_cover_big/co2zba.jpg
2533,Bounty Battle,LEGACY_IGDB,REVIEW,key_art_only,VERIFY,,,,,https://images.igdb.com/igdb/image/upload/t_cover_big/co20yg.jpg
1582,Breach & Clear: Deadline,LEGACY_IGDB,REVIEW,key_art_only,VERIFY,,,,,https://images.igdb.com/igdb/image/upload/t_cover_big/m7hmnkm28lspx8vhr5w4.jpg
1849,BROK: The InvestiGator,LEGACY_IGDB,REVIEW,key_art_only,VERIFY,,,,,https://images.igdb.com/igdb/image/upload/t_cover_big/co2koj.jpg
238,Caveman Warriors,LEGACY_IGDB,REVIEW,key_art_only,VERIFY,,,,,https://images.igdb.com/igdb/image/upload/t_cover_big/co1iep.jpg
2094,Chained Echoes,LEGACY_IGDB,REVIEW,key_art_only,VERIFY,,,,,https://images.igdb.com/igdb/image/upload/t_cover_big/co544u.jpg
2415,Coffee Crisis,LEGACY_IGDB,REVIEW,key_art_only,VERIFY,,,,,https://images.igdb.com/igdb/image/upload/t_cover_big/co23me.jpg
2298,Colossal Cave,LEGACY_IGDB,REVIEW,key_art_only,VERIFY,,,,,https://images.igdb.com/igdb/image/upload/t_cover_big/co633u.jpg
2299,Contra: Operation Galuga,LEGACY_IGDB,REVIEW,key_art_only,VERIFY,,,,,https://images.igdb.com/igdb/image/upload/t_cover_big/co72z7.jpg
269,Corpse Killer: 25th Anniversary Edition,LEGACY_IGDB,REVIEW,key_art_only,VERIFY,,,,,https://images.igdb.com/igdb/image/upload/t_cover_big/co3cz6.jpg
275,Crawl,LEGACY_IGDB,REVIEW,key_art_only,VERIFY,,,,,https://images.igdb.com/igdb/image/upload/t_cover_big/co1lrj.jpg
298,Darius Cozmic Collection: Arcade,LEGACY_IGDB,REVIEW,key_art_only,VERIFY,,,,,https://images.igdb.com/igdb/image/upload/t_cover_big/co4vlw.jpg
299,Darius Cozmic Collection: Console,LEGACY_IGDB,REVIEW,key_art_only,VERIFY,,,,,https://images.igdb.com/igdb/image/upload/t_cover_big/co2yrq.jpg
300,Dark Devotion,LEGACY_IGDB,REVIEW,key_art_only,VERIFY,,,,,https://images.igdb.com/igdb/image/upload/t_cover_big/co2t7g.jpg
2042,Dark Nights with Poe & Munro,LEGACY_IGDB,REVIEW,key_art_only,VERIFY,,,,,https://images.igdb.com/igdb/image/upload/t_cover_big/co2911.jpg
322,Dead Alliance,LEGACY_IGDB,REVIEW,key_art_only,VERIFY,,,,,https://images.igdb.com/igdb/image/upload/t_cover_big/co24nr.jpg
1600,Deer Simulator,LEGACY_IGDB,REVIEW,key_art_only,VERIFY,,,,,https://images.igdb.com/igdb/image/upload/t_cover_big/co7jli.jpg
2417,Dogchild,LEGACY_IGDB,REVIEW,key_art_only,VERIFY,,,,,https://images.igdb.com/igdb/image/upload/t_cover_big/co2pxr.jpg
402,Dragon Fantasy: The Black Tome of Ice,LEGACY_IGDB,REVIEW,key_art_only,VERIFY,,,,,https://images.igdb.com/igdb/image/upload/t_cover_big/co1wu5.jpg
2039,Dragon Lapis,LEGACY_IGDB,REVIEW,key_art_only,VERIFY,,,,,https://images.igdb.com/igdb/image/upload/t_cover_big/co2kej.jpg
1608,Drive!Drive!Drive!,LEGACY_IGDB,REVIEW,key_art_only,VERIFY,,,,,https://images.igdb.com/igdb/image/upload/t_cover_big/co2pzv.jpg
2266,DUSK,LEGACY_IGDB,REVIEW,key_art_only,VERIFY,,,,,https://images.igdb.com/igdb/image/upload/t_cover_big/co4b39.jpg
1610,Earthlock,LEGACY_IGDB,REVIEW,key_art_only,VERIFY,,,,,https://images.igdb.com/igdb/image/upload/t_cover_big/co1rv0.jpg
2419,Eldrador Creatures,LEGACY_IGDB,REVIEW,key_art_only,VERIFY,,,,,https://images.igdb.com/igdb/image/upload/t_cover_big/co2t67.jpg
1950,Empire of Angels IV,LEGACY_IGDB,REVIEW,key_art_only,VERIFY,,,,,https://images.igdb.com/igdb/image/upload/t_cover_big/co214j.jpg
2306,Enclave HD,LEGACY_IGDB,REVIEW,key_art_only,VERIFY,,,,,https://images.igdb.com/igdb/image/upload/t_cover_big/co6r0t.jpg
454,Factotum 90,LEGACY_IGDB,REVIEW,key_art_only,VERIFY,,,,,https://images.igdb.com/igdb/image/upload/t_cover_big/co24jd.jpg
473,fault milestone one,LEGACY_IGDB,REVIEW,key_art_only,VERIFY,,,,,https://images.igdb.com/igdb/image/upload/t_cover_big/coapmt.jpg
1807,Five Dates,LEGACY_IGDB,REVIEW,key_art_only,VERIFY,,,,,https://images.igdb.com/igdb/image/upload/t_cover_big/co2kp0.jpg
1622,Fury Unleashed,LEGACY_IGDB,REVIEW,key_art_only,VERIFY,,,,,https://images.igdb.com/igdb/image/upload/t_cover_big/co2dis.jpg
1624,Futuridium EP Deluxe,LEGACY_IGDB,REVIEW,key_art_only,VERIFY,,,,,https://images.igdb.com/igdb/image/upload/t_cover_big/co2q7j.jpg
1625,Galak-Z: The Void,LEGACY_IGDB,REVIEW,key_art_only,VERIFY,,,,,https://images.igdb.com/igdb/image/upload/t_cover_big/co2170.jpg
1938,Gekido Kintaro's Revenge,LEGACY_IGDB,REVIEW,key_art_only,VERIFY,,,,,https://images.igdb.com/igdb/image/upload/t_cover_big/co1tn6.jpg
525,Geometry Wars 3: Dimensions,LEGACY_IGDB,REVIEW,key_art_only,VERIFY,,,,,https://images.igdb.com/igdb/image/upload/t_cover_big/co2q8e.jpg
2311,Gigabash,LEGACY_IGDB,REVIEW,key_art_only,VERIFY,,,,,https://images.igdb.com/igdb/image/upload/t_cover_big/co8ypt.jpg
1866,Godstrike,LEGACY_IGDB,REVIEW,key_art_only,VERIFY,,,,,https://images.igdb.com/igdb/image/upload/t_cover_big/co4j9b.jpg
2420,Grave Danger,LEGACY_IGDB,REVIEW,key_art_only,VERIFY,,,,,https://images.igdb.com/igdb/image/upload/t_cover_big/ta6vyxj9igahbewyklib.jpg
1980,"Guns, Gore & Cannoli 2",LEGACY_IGDB,REVIEW,key_art_only,VERIFY,,,,,https://images.igdb.com/igdb/image/upload/t_cover_big/j10dhassxmqqqiyksbwo.jpg
2313,GYLT,LEGACY_IGDB,REVIEW,key_art_only,VERIFY,,,,,https://images.igdb.com/igdb/image/upload/t_cover_big/co2qad.jpg
1953,Habroxia 2,LEGACY_IGDB,REVIEW,key_art_only,VERIFY,,,,,https://images.igdb.com/igdb/image/upload/t_cover_big/co2lc4.jpg
2055,Hamidashi Creative,LEGACY_IGDB,REVIEW,key_art_only,VERIFY,,,,,https://images.igdb.com/igdb/image/upload/t_cover_big/co9dzu.jpg
2256,Hammerwatch,LEGACY_IGDB,REVIEW,key_art_only,VERIFY,,,,,https://images.igdb.com/igdb/image/upload/t_cover_big/cocs0i.jpg
586,Hero Must Die. Again,LEGACY_IGDB,REVIEW,key_art_only,VERIFY,,,,,https://images.igdb.com/igdb/image/upload/t_cover_big/co1uw2.jpg
2257,Heroes of Hammerwatch - Ultimate Edition,LEGACY_IGDB,REVIEW,key_art_only,VERIFY,,,,,https://images.igdb.com/igdb/image/upload/t_cover_big/co2s2f.jpg
1638,Hidden Through Time,LEGACY_IGDB,REVIEW,key_art_only,VERIFY,,,,,https://images.igdb.com/igdb/image/upload/t_cover_big/co20gn.jpg
2243,Irem Collection Volume 1,LEGACY_IGDB,REVIEW,key_art_only,VERIFY,,,,,https://images.igdb.com/igdb/image/upload/t_cover_big/co6l9o.jpg
2461,Isonzo,LEGACY_IGDB,REVIEW,key_art_only,VERIFY,,,,,https://images.igdb.com/igdb/image/upload/t_cover_big/co4496.jpg
1515,Late Shift,LEGACY_IGDB,REVIEW,key_art_only,VERIFY,,,,,https://images.igdb.com/igdb/image/upload/t_cover_big/co1njk.jpg
1661,Lode Runner Legacy,LEGACY_IGDB,REVIEW,key_art_only,VERIFY,,,,,https://images.igdb.com/igdb/image/upload/t_cover_big/co27z0.jpg
2014,LUNARK,LEGACY_IGDB,REVIEW,key_art_only,VERIFY,,,,,https://images.igdb.com/igdb/image/upload/t_cover_big/co2b9h.jpg
2651,MADO MONOGATARI: Fia And The Wondrous Academy,LEGACY_IGDB,REVIEW,key_art_only,VERIFY,,,,,https://images.igdb.com/igdb/image/upload/t_cover_big/co9jw0.jpg
2392,Marchen Forest,LEGACY_IGDB,REVIEW,key_art_only,VERIFY,,,,,https://images.igdb.com/igdb/image/upload/t_cover_big/co5j4k.jpg
750,Mecho Tales,LEGACY_IGDB,REVIEW,key_art_only,VERIFY,,,,,https://images.igdb.com/igdb/image/upload/t_cover_big/co24fb.jpg
2463,Memorrha,LEGACY_IGDB,REVIEW,key_art_only,VERIFY,,,,,https://images.igdb.com/igdb/image/upload/t_cover_big/cocs6h.jpg
2325,Mighty Goose,LEGACY_IGDB,REVIEW,key_art_only,VERIFY,,,,,https://images.igdb.com/igdb/image/upload/t_cover_big/co2hb5.jpg
780,Mighty Switch Force! Collection,LEGACY_IGDB,REVIEW,key_art_only,VERIFY,,,,,https://images.igdb.com/igdb/image/upload/t_cover_big/cob8y4.jpg
783,Minecraft: Story Mode - A Telltale Games Series,LEGACY_IGDB,REVIEW,key_art_only,VERIFY,,,,,https://images.igdb.com/igdb/image/upload/t_cover_big/co1vi7.jpg
1923,Monster Prom XXL,LEGACY_IGDB,REVIEW,key_art_only,VERIFY,,,,,https://images.igdb.com/igdb/image/upload/t_cover_big/co2t2g.jpg
2095,Mulaka,LEGACY_IGDB,REVIEW,key_art_only,VERIFY,,,,,https://images.igdb.com/igdb/image/upload/t_cover_big/co27mm.jpg
807,Mutant Mudds Deluxe,LEGACY_IGDB,REVIEW,key_art_only,VERIFY,,,,,https://images.igdb.com/igdb/image/upload/t_cover_big/co31dp.jpg
808,Mutant Mudds: Super Challenge,LEGACY_IGDB,REVIEW,key_art_only,VERIFY,,,,,https://images.igdb.com/igdb/image/upload/t_cover_big/co31dr.jpg
815,Mystery Chronicle: One Way Heroics,LEGACY_IGDB,REVIEW,key_art_only,VERIFY,,,,,https://images.igdb.com/igdb/image/upload/t_cover_big/co3iyg.jpg
2016,MythForce,LEGACY_IGDB,REVIEW,key_art_only,VERIFY,,,,,https://images.igdb.com/igdb/image/upload/t_cover_big/co4nwg.jpg
823,Naruto: Ultimate Ninja Storm,LEGACY_IGDB,REVIEW,key_art_only,VERIFY,,,,,https://images.igdb.com/igdb/image/upload/t_cover_big/co1u9d.jpg
2097,Natsuki Chronicles,LEGACY_IGDB,REVIEW,key_art_only,VERIFY,,,,,https://images.igdb.com/igdb/image/upload/t_cover_big/co205v.jpg
2657,Naught: Extended Edition,LEGACY_IGDB,REVIEW,key_art_only,VERIFY,,,,,https://images.igdb.com/igdb/image/upload/t_cover_big/co31ul.jpg
1679,Neverending Nightmares,LEGACY_IGDB,REVIEW,key_art_only,VERIFY,,,,,https://images.igdb.com/igdb/image/upload/t_cover_big/co1r2q.jpg
2330,Neversong,LEGACY_IGDB,REVIEW,key_art_only,VERIFY,,,,,https://images.igdb.com/igdb/image/upload/t_cover_big/co2b9m.jpg
2011,Night Book,LEGACY_IGDB,REVIEW,key_art_only,VERIFY,,,,,https://images.igdb.com/igdb/image/upload/t_cover_big/co3gin.jpg
1826,Nobody Saves the World,LEGACY_IGDB,REVIEW,key_art_only,VERIFY,,,,,https://images.igdb.com/igdb/image/upload/t_cover_big/co2wcz.jpg
2666,Octopath Traveler 0,LEGACY_IGDB,REVIEW,key_art_only,VERIFY,,,,,https://images.igdb.com/igdb/image/upload/t_cover_big/coa7is.jpg
1686,OlliOlli,LEGACY_IGDB,REVIEW,key_art_only,VERIFY,,,,,https://images.igdb.com/igdb/image/upload/t_cover_big/co1ihr.jpg
2671,On the Road: Truck Simulator,LEGACY_IGDB,REVIEW,key_art_only,VERIFY,,,,,https://images.igdb.com/igdb/image/upload/t_cover_big/co7s50.jpg
872,One Step From Eden,LEGACY_IGDB,REVIEW,key_art_only,VERIFY,,,,,https://images.igdb.com/igdb/image/upload/t_cover_big/co20k4.jpg
2450,Open Country,LEGACY_IGDB,REVIEW,key_art_only,VERIFY,,,,,https://images.igdb.com/igdb/image/upload/t_cover_big/co2upo.jpg
878,Organ Trail: Complete Edition,LEGACY_IGDB,REVIEW,key_art_only,VERIFY,,,,,https://images.igdb.com/igdb/image/upload/t_cover_big/co30jd.jpg
2028,Overrogue,LEGACY_IGDB,REVIEW,key_art_only,VERIFY,,,,,https://images.igdb.com/igdb/image/upload/t_cover_big/co4yt3.jpg
1817,Panzer Dragoon: Remake,LEGACY_IGDB,REVIEW,key_art_only,VERIFY,,,,,https://images.igdb.com/igdb/image/upload/t_cover_big/co21me.jpg
914,Plague Road,LEGACY_IGDB,REVIEW,key_art_only,VERIFY,,,,,https://images.igdb.com/igdb/image/upload/t_cover_big/co27x8.jpg
1695,Pressure Overdrive,LEGACY_IGDB,REVIEW,key_art_only,VERIFY,,,,,https://images.igdb.com/igdb/image/upload/t_cover_big/j0bczbbtzxecwdxgfkln.jpg
1908,Project Starship,LEGACY_IGDB,REVIEW,key_art_only,VERIFY,,,,,https://images.igdb.com/igdb/image/upload/t_cover_big/co24eu.jpg
1952,Project Starship X,LEGACY_IGDB,REVIEW,key_art_only,VERIFY,,,,,https://images.igdb.com/igdb/image/upload/t_cover_big/co2ava.jpg
2451,Protodroid Delta,LEGACY_IGDB,REVIEW,key_art_only,VERIFY,,,,,https://images.igdb.com/igdb/image/upload/t_cover_big/co5bt8.jpg
1697,Prototype,LEGACY_IGDB,REVIEW,key_art_only,VERIFY,,,,,https://images.igdb.com/igdb/image/upload/t_cover_big/co1ql2.jpg
2707,Raidou Remastered: Mystery Of The Soulless Army,LEGACY_IGDB,REVIEW,key_art_only,VERIFY,,,,,https://images.igdb.com/igdb/image/upload/t_cover_big/co9l0l.jpg
970,Regions Of Ruin,LEGACY_IGDB,REVIEW,key_art_only,VERIFY,,,,,https://images.igdb.com/igdb/image/upload/t_cover_big/co1s9j.jpg
991,Reverie,LEGACY_IGDB,REVIEW,key_art_only,VERIFY,,,,,https://images.igdb.com/igdb/image/upload/t_cover_big/co61bv.jpg
1972,Rising Hell,LEGACY_IGDB,REVIEW,key_art_only,VERIFY,,,,,https://images.igdb.com/igdb/image/upload/t_cover_big/co2f3r.jpg
2096,Rival Megagun,LEGACY_IGDB,REVIEW,key_art_only,VERIFY,,,,,https://images.igdb.com/igdb/image/upload/t_cover_big/co1yec.jpg
2038,Roombo: First Blood,LEGACY_IGDB,REVIEW,key_art_only,VERIFY,,,,,https://images.igdb.com/igdb/image/upload/t_cover_big/co50md.jpg
1838,Rugrats: Adventures in Gameland,LEGACY_IGDB,REVIEW,key_art_only,VERIFY,,,,,https://images.igdb.com/igdb/image/upload/t_cover_big/co8t8x.jpg
2339,Ruinverse,LEGACY_IGDB,REVIEW,key_art_only,VERIFY,,,,,https://images.igdb.com/igdb/image/upload/t_cover_big/co2wz2.jpg
1717,Rym 9000,LEGACY_IGDB,REVIEW,key_art_only,VERIFY,,,,,https://images.igdb.com/igdb/image/upload/t_cover_big/co2el5.jpg
2718,Sam & Max: Beyond Time And Space,LEGACY_IGDB,REVIEW,key_art_only,VERIFY,,,,,https://images.igdb.com/igdb/image/upload/t_cover_big/co4aay.jpg
1720,Samurai Shodown VI,LEGACY_IGDB,REVIEW,key_art_only,VERIFY,,,,,https://images.igdb.com/igdb/image/upload/t_cover_big/co5u76.jpg
1039,Saturday Morning RPG,LEGACY_IGDB,REVIEW,key_art_only,VERIFY,,,,,https://images.igdb.com/igdb/image/upload/t_cover_big/co2965.jpg
2341,Saturnalia,LEGACY_IGDB,REVIEW,key_art_only,VERIFY,,,,,https://images.igdb.com/igdb/image/upload/t_cover_big/co5p66.jpg
1721,Screencheat,LEGACY_IGDB,REVIEW,key_art_only,VERIFY,,,,,https://images.igdb.com/igdb/image/upload/t_cover_big/fdhebb99wjlrxlwuapwo.jpg
1951,Sense - A Cyberpunk Ghost Story,LEGACY_IGDB,REVIEW,key_art_only,VERIFY,,,,,https://images.igdb.com/igdb/image/upload/t_cover_big/co1xgy.jpg
1723,Shadow of Loot Box,LEGACY_IGDB,REVIEW,key_art_only,VERIFY,,,,,https://images.igdb.com/igdb/image/upload/t_cover_big/co1m8r.jpg
1060,Shadow Warrior 2,LEGACY_IGDB,REVIEW,key_art_only,VERIFY,,,,,https://images.igdb.com/igdb/image/upload/t_cover_big/coavqn.jpg
1061,Shadowgate,LEGACY_IGDB,REVIEW,key_art_only,VERIFY,,,,,https://images.igdb.com/igdb/image/upload/t_cover_big/co249e.jpg
2473,Shadowrun Returns,LEGACY_IGDB,REVIEW,key_art_only,VERIFY,,,,,https://images.igdb.com/igdb/image/upload/t_cover_big/co2fhj.jpg
2474,Shadowrun: Dragonfall - Director's Cut,LEGACY_IGDB,REVIEW,key_art_only,VERIFY,,,,,https://images.igdb.com/igdb/image/upload/t_cover_big/co90ym.jpg
2475,Shadowrun: Hong Kong - Extended Edition,LEGACY_IGDB,REVIEW,key_art_only,VERIFY,,,,,https://images.igdb.com/igdb/image/upload/t_cover_big/co2fhk.jpg
1827,Shadows of Adam,LEGACY_IGDB,REVIEW,key_art_only,VERIFY,,,,,https://images.igdb.com/igdb/image/upload/t_cover_big/co1i0m.jpg
1069,Shenmue II,LEGACY_IGDB,REVIEW,key_art_only,VERIFY,,,,,https://images.igdb.com/igdb/image/upload/t_cover_big/co2raf.jpg
1726,Shikhondo: Soul Eater,LEGACY_IGDB,REVIEW,key_art_only,VERIFY,,,,,https://images.igdb.com/igdb/image/upload/t_cover_big/p0rulxsgd2zqk8sj5wtc.jpg
2061,Shing!,LEGACY_IGDB,REVIEW,key_art_only,VERIFY,,,,,https://images.igdb.com/igdb/image/upload/t_cover_big/co1y9d.jpg
2344,Silt,LEGACY_IGDB,REVIEW,key_art_only,VERIFY,,,,,https://images.igdb.com/igdb/image/upload/t_cover_big/co39tu.jpg
1729,SIMULACRA,LEGACY_IGDB,REVIEW,key_art_only,VERIFY,,,,,https://images.igdb.com/igdb/image/upload/t_cover_big/co24d0.jpg
1818,Sir Lovelot,LEGACY_IGDB,REVIEW,key_art_only,VERIFY,,,,,https://images.igdb.com/igdb/image/upload/t_cover_big/co2tlk.jpg
1076,Siralim,LEGACY_IGDB,REVIEW,key_art_only,VERIFY,,,,,https://images.igdb.com/igdb/image/upload/t_cover_big/co224g.jpg
1846,Skautfold: Into The Fray,LEGACY_IGDB,REVIEW,key_art_only,VERIFY,,,,,https://images.igdb.com/igdb/image/upload/t_cover_big/co9fh4.jpg
1870,Skautfold: Usurper,LEGACY_IGDB,REVIEW,key_art_only,VERIFY,,,,,https://images.igdb.com/igdb/image/upload/t_cover_big/co8uxp.jpg
1731,Skulls of the Shogun: Bone-a-Fide Edition,LEGACY_IGDB,REVIEW,key_art_only,VERIFY,,,,,https://images.igdb.com/igdb/image/upload/t_cover_big/co2212.jpg
1949,Smashing the Battle: Ghost Soul,LEGACY_IGDB,REVIEW,key_art_only,VERIFY,,,,,https://images.igdb.com/igdb/image/upload/t_cover_big/co3rmk.jpg
1094,SmuggleCraft,LEGACY_IGDB,REVIEW,key_art_only,VERIFY,,,,,https://images.igdb.com/igdb/image/upload/t_cover_big/uwmrwtorn3lzgzl3bbdr.jpg
2018,SOL CRESTA,LEGACY_IGDB,REVIEW,key_art_only,VERIFY,,,,,https://images.igdb.com/igdb/image/upload/t_cover_big/co4ky9.jpg
1881,Spacewing War,LEGACY_IGDB,REVIEW,key_art_only,VERIFY,,,,,https://images.igdb.com/igdb/image/upload/t_cover_big/co7idw.jpg
2454,Speedollama,LEGACY_IGDB,REVIEW,key_art_only,VERIFY,,,,,https://images.igdb.com/igdb/image/upload/t_cover_big/co8uzy.jpg
2258,Spelunker HD Deluxe,LEGACY_IGDB,REVIEW,key_art_only,VERIFY,,,,,https://images.igdb.com/igdb/image/upload/t_cover_big/co3pmf.jpg
2026,Spidersaurs,LEGACY_IGDB,REVIEW,key_art_only,VERIFY,,,,,https://images.igdb.com/igdb/image/upload/t_cover_big/co4xwi.jpg
1122,Splasher,LEGACY_IGDB,REVIEW,key_art_only,VERIFY,,,,,https://images.igdb.com/igdb/image/upload/t_cover_big/co1z3z.jpg
1734,Stealth Inc: A Clone in the Dark Ultimate Edition,LEGACY_IGDB,REVIEW,key_art_only,VERIFY,,,,,https://images.igdb.com/igdb/image/upload/t_cover_big/s3anoxgcy9rjfwg48too.jpg
1163,Street Power Soccer,LEGACY_IGDB,REVIEW,key_art_only,VERIFY,,,,,https://images.igdb.com/igdb/image/upload/t_cover_big/co2ebz.jpg
2350,Summertime Madness,LEGACY_IGDB,REVIEW,key_art_only,VERIFY,,,,,https://images.igdb.com/igdb/image/upload/t_cover_big/co2vve.jpg
1171,Sundered,LEGACY_IGDB,REVIEW,key_art_only,VERIFY,,,,,https://images.igdb.com/igdb/image/upload/t_cover_big/aq6qahkwjzwgdppbydcc.jpg
1736,Super ComboMan: Smash Edition,LEGACY_IGDB,REVIEW,key_art_only,VERIFY,,,,,https://images.igdb.com/igdb/image/upload/t_cover_big/co1vvk.jpg
1737,Super GunWorld 2,LEGACY_IGDB,REVIEW,key_art_only,VERIFY,,,,,https://images.igdb.com/igdb/image/upload/t_cover_big/co2rh8.jpg
1738,Super Life of Pixel,LEGACY_IGDB,REVIEW,key_art_only,VERIFY,,,,,https://images.igdb.com/igdb/image/upload/t_cover_big/co3ur6.jpg
1958,Super Perils of Baking,LEGACY_IGDB,REVIEW,key_art_only,VERIFY,,,,,https://images.igdb.com/igdb/image/upload/t_cover_big/co5opr.jpg
1854,Super Zangyura,LEGACY_IGDB,REVIEW,key_art_only,VERIFY,,,,,https://images.igdb.com/igdb/image/upload/t_cover_big/co61cu.jpg
1185,SuperMash,LEGACY_IGDB,REVIEW,key_art_only,VERIFY,,,,,https://images.igdb.com/igdb/image/upload/t_cover_big/co1ut4.jpg
2352,Supraland,LEGACY_IGDB,REVIEW,key_art_only,VERIFY,,,,,https://images.igdb.com/igdb/image/upload/t_cover_big/co2yys.jpg
1873,Sword of the Vagrant,LEGACY_IGDB,REVIEW,key_art_only,VERIFY,,,,,https://images.igdb.com/igdb/image/upload/t_cover_big/co5vty.jpg
2733,Tales of the Neon Sea,LEGACY_IGDB,REVIEW,key_art_only,VERIFY,,,,,https://images.igdb.com/igdb/image/upload/t_cover_big/w4uuihbcbwfjmmfb10na.jpg
1203,Tamashii,LEGACY_IGDB,REVIEW,key_art_only,VERIFY,,,,,https://images.igdb.com/igdb/image/upload/t_cover_big/co24dr.jpg
2740,Teenage Mutant Ninja Turtles: Mutants Unleashed,LEGACY_IGDB,REVIEW,key_art_only,VERIFY,,,,,https://images.igdb.com/igdb/image/upload/t_cover_big/co8yl5.jpg
2455,Ten Dates,LEGACY_IGDB,REVIEW,key_art_only,VERIFY,,,,,https://images.igdb.com/igdb/image/upload/t_cover_big/co65s5.jpg
1745,Terror of Hemasaurus,LEGACY_IGDB,REVIEW,key_art_only,VERIFY,,,,,https://images.igdb.com/igdb/image/upload/t_cover_big/co3p5m.jpg
1746,Tharsis,LEGACY_IGDB,REVIEW,key_art_only,VERIFY,,,,,https://images.igdb.com/igdb/image/upload/t_cover_big/co2e7p.jpg
1225,The Bunker,LEGACY_IGDB,REVIEW,key_art_only,VERIFY,,,,,https://images.igdb.com/igdb/image/upload/t_cover_big/co6l6f.jpg
2353,The Coma 2: Vicious Sisters,LEGACY_IGDB,REVIEW,key_art_only,VERIFY,,,,,https://images.igdb.com/igdb/image/upload/t_cover_big/cob66g.jpg
1234,The Dark Crystal: Age of Resistance Tactics,LEGACY_IGDB,REVIEW,key_art_only,VERIFY,,,,,https://images.igdb.com/igdb/image/upload/t_cover_big/co3wmw.jpg
2354,The Good Life,LEGACY_IGDB,REVIEW,key_art_only,VERIFY,,,,,https://images.igdb.com/igdb/image/upload/t_cover_big/co4190.jpg
1754,The Journey Down: Chapter One,LEGACY_IGDB,REVIEW,key_art_only,VERIFY,,,,,https://images.igdb.com/igdb/image/upload/t_cover_big/co86zb.jpg
1755,The Journey Down: Chapter Three,LEGACY_IGDB,REVIEW,key_art_only,VERIFY,,,,,https://images.igdb.com/igdb/image/upload/t_cover_big/co86ze.jpg
2019,The King of Fighters 2000,LEGACY_IGDB,REVIEW,key_art_only,VERIFY,,,,,https://images.igdb.com/igdb/image/upload/t_cover_big/co9elj.jpg
1259,The Last Door: Complete Edition,LEGACY_IGDB,REVIEW,key_art_only,VERIFY,,,,,https://images.igdb.com/igdb/image/upload/t_cover_big/co1lmt.jpg
2049,The Legend of Heroes: Trails through Daybreak II,LEGACY_IGDB,REVIEW,key_art_only,VERIFY,,,,,https://images.igdb.com/igdb/image/upload/t_cover_big/co8l3f.jpg
1298,The Swindle,LEGACY_IGDB,REVIEW,key_art_only,VERIFY,,,,,https://images.igdb.com/igdb/image/upload/t_cover_big/co23tb.jpg
1761,The Swords of Ditto,LEGACY_IGDB,REVIEW,key_art_only,VERIFY,,,,,https://images.igdb.com/igdb/image/upload/t_cover_big/co27bh.jpg
1317,They Are Billions,LEGACY_IGDB,REVIEW,key_art_only,VERIFY,,,,,https://images.igdb.com/igdb/image/upload/t_cover_big/co1n7h.jpg
1769,Toto Temple Deluxe,LEGACY_IGDB,REVIEW,key_art_only,VERIFY,,,,,https://images.igdb.com/igdb/image/upload/t_cover_big/co44si.jpg
2030,Toy Soldiers HD,LEGACY_IGDB,REVIEW,key_art_only,VERIFY,,,,,https://images.igdb.com/igdb/image/upload/t_cover_big/co38wv.jpg
1351,Train Sim World 2020,LEGACY_IGDB,REVIEW,key_art_only,VERIFY,,,,,https://images.igdb.com/igdb/image/upload/t_cover_big/co2k5q.jpg
2358,Transformers: Earthspark - Expedition,LEGACY_IGDB,REVIEW,key_art_only,VERIFY,,,,,https://images.igdb.com/igdb/image/upload/t_cover_big/co786b.jpg
1360,Trials of the Blood Dragon,LEGACY_IGDB,REVIEW,key_art_only,VERIFY,,,,,https://images.igdb.com/igdb/image/upload/t_cover_big/co2rqw.jpg
2001,Turok,LEGACY_IGDB,REVIEW,key_art_only,VERIFY,,,,,https://images.igdb.com/igdb/image/upload/t_cover_big/co2699.jpg
2360,Turok 2: Seeds of Evil,LEGACY_IGDB,REVIEW,key_art_only,VERIFY,,,,,https://images.igdb.com/igdb/image/upload/t_cover_big/co24lz.jpg
1821,Turok 3: Shadow of Oblivion Remastered,LEGACY_IGDB,REVIEW,key_art_only,VERIFY,,,,,https://images.igdb.com/igdb/image/upload/t_cover_big/co7fpt.jpg
2262,Turrican Anthology Vol. 1,LEGACY_IGDB,REVIEW,key_art_only,VERIFY,,,,,https://images.igdb.com/igdb/image/upload/t_cover_big/co4xta.jpg
2263,Turrican Anthology Vol. 2,LEGACY_IGDB,REVIEW,key_art_only,VERIFY,,,,,https://images.igdb.com/igdb/image/upload/t_cover_big/co4xtb.jpg
1375,Twin Breaker: A Sacred Symbols Adventure,LEGACY_IGDB,REVIEW,key_art_only,VERIFY,,,,,https://images.igdb.com/igdb/image/upload/t_cover_big/co2gmr.jpg
2746,Under Night In-Birth II: Sys:Celes,LEGACY_IGDB,REVIEW,key_art_only,VERIFY,,,,,https://images.igdb.com/igdb/image/upload/t_cover_big/co6w3y.jpg
2098,Underhero,LEGACY_IGDB,REVIEW,key_art_only,VERIFY,,,,,https://images.igdb.com/igdb/image/upload/t_cover_big/co1yig.jpg
2033,UnderMine,LEGACY_IGDB,REVIEW,key_art_only,VERIFY,,,,,https://images.igdb.com/igdb/image/upload/t_cover_big/co2erp.jpg
1542,Unsighted,LEGACY_IGDB,REVIEW,key_art_only,VERIFY,,,,,https://images.igdb.com/igdb/image/upload/t_cover_big/co3bt4.jpg
1986,Urban Trial Tricky Deluxe Edition,LEGACY_IGDB,REVIEW,key_art_only,VERIFY,,,,,https://images.igdb.com/igdb/image/upload/t_cover_big/co3g8c.jpg
2043,Vagante,LEGACY_IGDB,REVIEW,key_art_only,VERIFY,,,,,https://images.igdb.com/igdb/image/upload/t_cover_big/cocshv.jpg
2752,Valiant Hearts: Coming Home,LEGACY_IGDB,REVIEW,key_art_only,VERIFY,,,,,https://images.igdb.com/igdb/image/upload/t_cover_big/co5vbk.jpg
1781,Verdun,LEGACY_IGDB,REVIEW,key_art_only,VERIFY,,,,,https://images.igdb.com/igdb/image/upload/t_cover_big/co24l6.jpg
1970,Vesper: Zero Light Edition,LEGACY_IGDB,REVIEW,key_art_only,VERIFY,,,,,https://images.igdb.com/igdb/image/upload/t_cover_big/co5vtu.jpg
1402,VESTA,LEGACY_IGDB,REVIEW,key_art_only,VERIFY,,,,,https://images.igdb.com/igdb/image/upload/t_cover_big/co5rmv.jpg
1782,VirtuaVerse,LEGACY_IGDB,REVIEW,key_art_only,VERIFY,,,,,https://images.igdb.com/igdb/image/upload/t_cover_big/co1puy.jpg
2761,War Mongrels,LEGACY_IGDB,REVIEW,key_art_only,VERIFY,,,,,https://images.igdb.com/igdb/image/upload/t_cover_big/co2t6x.jpg
1544,Weird West,LEGACY_IGDB,REVIEW,key_art_only,VERIFY,,,,,https://images.igdb.com/igdb/image/upload/t_cover_big/co4no1.jpg
1948,Wife Quest,LEGACY_IGDB,REVIEW,key_art_only,VERIFY,,,,,https://images.igdb.com/igdb/image/upload/t_cover_big/co2u0p.jpg
2022,Witchcrafty,LEGACY_IGDB,REVIEW,key_art_only,VERIFY,,,,,https://images.igdb.com/igdb/image/upload/t_cover_big/co3na9.jpg
1450,World of Warships: Legends,LEGACY_IGDB,REVIEW,key_art_only,VERIFY,,,,,https://images.igdb.com/igdb/image/upload/t_cover_big/coce2s.jpg
2367,Wytchwood,LEGACY_IGDB,REVIEW,key_art_only,VERIFY,,,,,https://images.igdb.com/igdb/image/upload/t_cover_big/co27gm.jpg
1463,Xenon Valkyrie+,LEGACY_IGDB,REVIEW,key_art_only,VERIFY,,,,,https://images.igdb.com/igdb/image/upload/t_cover_big/co1z4u.jpg
1793,YIIK: A Postmodern RPG,LEGACY_IGDB,REVIEW,key_art_only,VERIFY,,,,,https://images.igdb.com/igdb/image/upload/t_cover_big/co2z9a.jpg
2775,Ys Vs. Trails In The Sky: Alternative Saga,LEGACY_IGDB,REVIEW,key_art_only,VERIFY,,,,,https://images.igdb.com/igdb/image/upload/t_cover_big/co9s7g.jpg
2443,Zapling Bygone,LEGACY_IGDB,REVIEW,key_art_only,VERIFY,,,,,https://images.igdb.com/igdb/image/upload/t_cover_big/co7ugy.jpg
2240,Zero Tolerance Collection,LEGACY_IGDB,REVIEW,key_art_only,VERIFY,,,,,https://images.igdb.com/igdb/image/upload/t_cover_big/co4woj.jpg
1497,Chants of Sennaar,GAMEYE,REVIEW,missing_ps4_banner,LIKELY,,,0.0,0.0,https://dt.gameye.app/data/streaming/images/items/v1/art_front/46/143584_2ee8b262-a72c-4675-b8b7-5e2bc18b463f.webp
1631,GunLord X,GAMEYE,REVIEW,missing_ps4_banner,LIKELY,,,0.0,0.0,https://dt.gameye.app/data/streaming/images/items/v1/art_front/46/576a01f1-b6ea-4abc-bf49-7e3cd1a2b2c3.webp
291,Damascus Gear: Operation Osaka,CURATED_ID,REVIEW,missing_ps4_banner,LIKELY,,,0.015151515151515152,0.0008116883116883117,https://images.igdb.com/igdb/image/upload/t_cover_big/co1udg.jpg
1999,Streets of Red,CURATED_TITLE,REVIEW,missing_ps4_banner,LIKELY,FIXED,,0.016666666666666666,0.00020833333333333335,https://limitedrungames.com/cdn/shop/products/AssetTemplateSER_PS4.png?height=1080&v=1579552336
1850,Lost Ruins,GAMEYE,REVIEW,missing_ps4_banner,LIKELY,,,0.24722222222222223,0.009351851851851853,https://dt.gameye.app/data/streaming/images/items/v1/art_front/46/b1d7a4b3-8051-4e58-bfac-8d3579ce6371.webp
1839,Another Crusade,GAMEYE,REVIEW,missing_ps4_banner,LIKELY,,,0.4861111111111111,0.21296296296296297,https://dt.gameye.app/data/streaming/images/items/v1/art_front/46/147877_e39ad43a-fbed-42cf-8121-87b4e03fdf2f.webp
1682,Now That's What I Call Sing,CURATED_TITLE,REVIEW,missing_ps4_banner,LIKELY,FIXED,,0.5416666666666666,0.27923611111111113,https://myshopville.com/cdn/shop/products/now_thats_what_i_call_sing_sony_playstation_4_ps4_video_game_box_cover_shopville_canada_usa.jpg
241,Chariot,CURATED_TITLE,REVIEW,missing_ps4_banner,LIKELY,FIXED,,0.5722222222222222,0.26113425925925926,https://limitedrungames.com/cdn/shop/files/charriot-limited-run-games-ps4.png?height=1080&v=1698943937
1670,Mighty Gunvolt Burst,CURATED_TITLE,REVIEW,missing_ps4_banner,LIKELY,,,0.5972222222222222,0.1794675925925926,https://limitedrungames.com/cdn/shop/products/mighty-gunvolt-burst-ps4-lrg.png?height=1080&v=1660241946
1227,The Church in the Darkness,CURATED_TITLE,REVIEW,missing_ps4_banner,LIKELY,FIXED,,0.6138888888888889,0.3030787037037037,https://limitedrungames.com/cdn/shop/files/church-in-the-darkness-limited-run-games-ps4.png?height=1080&v=1698943937
82,Ara Fell: Enhanced Edition,CURATED_TITLE,REVIEW,missing_ps4_banner,LIKELY,FIXED,,0.6277777777777778,0.3765046296296296,https://www.tradeinn.com/f/14135/141350183/playstation-ps4-ara-fell-and-rise-of-the-third-power-import.webp
1615,Fallen Legion: Sins of an Empire,GAMEYE,REVIEW,missing_ps4_banner,LIKELY,,,0.6305555555555555,0.2958101851851852,https://dt.gameye.app/data/streaming/images/items/v1/art_front/46/d78e50e4-ed27-4f49-8e60-ee75de8ebde0.webp
1942,Fullblast,GAMEYE,REVIEW,missing_ps4_banner,LIKELY,,,0.645,0.14316666666666666,https://dt.gameye.app/data/streaming/images/items/v1/art_front/46/23c29a14-07e9-4287-83f1-633760375583.webp
451,Exile's End,GAMEYE,REVIEW,missing_ps4_banner,LIKELY,,,0.6861111111111111,0.35588768115942027,https://dt.gameye.app/data/streaming/images/items/v1/art_front/46/54fc6909-cce1-4e65-a008-70b0f8a15d6a.webp
2465,Rolling Gunner,CURATED_TITLE,REVIEW,missing_ps4_banner,LIKELY,FIXED,,0.7,0.41425925925925927,https://www.strictlylimitedgames.com/cdn/shop/files/ROG-Rolling-Gunner-Overpower-Playstation-4-PS4-Limited-Edition-Physical-Copy-Box-Art-2D_1200x.png?v=1743662952
2241,Steel Empire Chronicles,CURATED_ID,REVIEW,missing_ps4_banner,LIKELY,,,0.7,0.4039583333333333,https://www.strictlylimitedgames.com/cdn/shop/files/STE-Steel-Empire-Chronicles-Playstation-4-PS4-Limited-Edition-Physical-Copy-Box-Art-2D_1024x1024.png?v=1743662291
819,Narita Boy,GAMEYE,REVIEW,missing_ps4_banner,LIKELY,,,0.7027777777777777,0.36226851851851855,https://dt.gameye.app/data/streaming/images/items/v1/art_front/46/21247908-c45f-4619-9638-fe0e58bd6ab1.webp
476,Fight'N Rage,GAMEYE,REVIEW,missing_ps4_banner,LIKELY,,,0.7083333333333334,0.3682638888888889,https://dt.gameye.app/data/streaming/images/items/v1/art_front/46/eae20db2-9f52-4f42-9ce5-012a41fe2dd4.webp
155,Below,CURATED_TITLE,FALLBACK,wrong_region_or_edition,CONFIRMED,FALLBACK,official Meridiem Games physical PS4 boxed-edition product render; clean retail package but not a flat front scan,0.4777777777777778,0.13875,https://meridiem-games.com/backoffice/public/ckfinder/userfiles/files/below_mockup_eng.png
25,Aaero,LAUNCHBOX_BOX_FRONT,FALLBACK,angled_product_shot,CONFIRMED,FALLBACK,"real physical product shot, but angled instead of clean straight-on front",,,https://images.launchbox-app.com/8dd72cbd-c780-445c-bd6f-877de71bac62.jpg
36,ADK Tamashii,CURATED_TITLE,FALLBACK,angled_product_shot,CONFIRMED,FALLBACK,"real physical product shot, but angled instead of clean straight-on front",0.5638888888888889,0.2288888888888889,https://limitedrungames.com/cdn/shop/products/ADKProductImage.png?height=1080&v=1576795434
183,Bleed,LAUNCHBOX_BOX_FRONT,FALLBACK,photo_of_case,CONFIRMED,FALLBACK,"verified physical PS4 case photo, but product-photo framing is not a clean flat cover scan",,,https://images.launchbox-app.com/b0ec8dfb-6ec0-4b93-95ac-6c903510c4fb.jpg
201,Braveland Trilogy,PRICECHARTING_BOX_FRONT,FALLBACK,angled_product_shot,CONFIRMED,FALLBACK,"official Red Art Games physical package render, angled rather than a flat front scan",0.9916666666666667,0.7769675925925926,https://storage.googleapis.com/images.pricecharting.com/ae35772c247f24fc05ddc56c4514e87d9124574791dfc12c5fb2e36d0ebca367/1600.jpg
1676,N++,LAUNCHBOX_BOX_FRONT,FALLBACK,angled_product_shot,CONFIRMED,FALLBACK,"official Limited Run physical package render, angled rather than a flat front scan",,,https://images.launchbox-app.com/c65cb4a2-48cc-4b1c-8da4-ddc4dd9d9b1f.jpg
969,Redout,PRICECHARTING_BOX_FRONT,FALLBACK,photo_of_case,CONFIRMED,FALLBACK,verified Redout: Lightspeed Edition physical PS4 retail case image; physical front is usable but source is a photographed retail case rather than a flat scan,1.0,0.5128279320987654,https://storage.googleapis.com/images.pricecharting.com/AMIfv95t_VfHSYesOmBrEzz_Hhe3xqltW2bbI4UMBhFyIxpwsU7MSehYxqPsM0tuKTYvbjEy7FEULpZCDjHAIcusi8N3TgeztLhauh4teBdymU7NQ_TUCrRvvP74jGFAMZQJYMsaMWueE6rr-B_UrVq81u06U7C7YQ/1600.jpg
2342,Scourge Bringer,CURATED_TITLE,FALLBACK,angled_product_shot,CONFIRMED,FALLBACK,official Pix'n Love physical PS4 product shot; angled rather than a flat front scan,0.7194444444444444,0.22006944444444446,https://www.pixnlove.com/2793-large_default/scourgebringer-ps4.jpg
14,8-Bit Adventure Anthology: Volume One,CURATED_TITLE,WATCH,image_fetch_failed,VERIFY,FIXED,,,,https://gamefaqs.gamespot.com/a/box/8/0/8/688808_front.jpg
2288,Blazing Beaks,CURATED_TITLE,WATCH,image_fetch_failed,VERIFY,FIXED,,,,https://gamefaqs.gamespot.com/a/box/8/1/3/796813_front.jpg
1969,Cannon Dancer,CURATED_TITLE,WATCH,image_fetch_failed,VERIFY,FIXED,,,,https://gamefaqs.gamespot.com/a/box/4/9/5/906495_front.jpg
2471,Get Star / Guardian,CURATED_TITLE,WATCH,image_fetch_failed,VERIFY,FIXED,,,,https://gamefaqs.gamespot.com/a/box/7/4/5/825745_front.jpg
1809,Ground Zero: Texas,CURATED_TITLE,WATCH,image_fetch_failed,VERIFY,,,,,https://gamefaqs.gamespot.com/a/box/8/5/3/808853_front.jpg
1971,Jim Power: The Lost Dimension,CURATED_TITLE,WATCH,image_fetch_failed,VERIFY,,,,,https://gamefaqs.gamespot.com/a/box/3/0/7/874307_front.jpg
2469,Kyukyoku Tiger / Twin Cobra,CURATED_TITLE,WATCH,image_fetch_failed,VERIFY,FIXED,,,,https://gamefaqs.gamespot.com/a/box/7/4/5/825745_front.jpg
1665,Maldita Castilla EX: Cursed Castilla,CURATED_TITLE,WATCH,image_fetch_failed,VERIFY,,,,,https://gamefaqs.gamespot.com/a/box/3/2/6/646326_front.jpg
2242,Ninja JaJaMaru Legendary Ninja Collection,CURATED_TITLE,WATCH,image_fetch_failed,VERIFY,FIXED,,,,https://gamefaqs.gamespot.com/a/box/3/9/0/904390_front.jpg
2429,Noob: Les Sans-Factions,CURATED_TITLE,WATCH,image_fetch_failed,VERIFY,FIXED,,,,https://gamefaqs.gamespot.com/a/box/7/0/8/1025708_front.jpg
1685,Oddworld: Abe's Oddysee - New 'n' Tasty,CURATED_TITLE,WATCH,image_fetch_failed,VERIFY,FIXED,,,,https://gamefaqs.gamespot.com/a/box/8/5/8/790858_front.jpg
2695,Q.U.B.E.,CURATED_TITLE,WATCH,image_fetch_failed,VERIFY,FIXED,,,,https://gamefaqs.gamespot.com/a/box/8/4/3/892843_front.jpg
2696,Quintessential Quintuplets Fives Memories With You,CURATED_TITLE,WATCH,image_fetch_failed,VERIFY,FIXED,,,,https://gamefaqs.gamespot.com/a/box/0/8/1/1150081_front.jpg
1725,Shenmue I,CURATED_TITLE,WATCH,image_fetch_failed,VERIFY,FIXED,,,,https://gamefaqs.gamespot.com/a/box/7/4/6/686746_front.jpg
1753,The First Tree: Console Edition,CURATED_TITLE,WATCH,image_fetch_failed,VERIFY,FIXED,,,,https://gamefaqs.gamespot.com/a/box/7/7/9/851779_front.jpg
1756,The Journey Down: Chapter Two,CURATED_TITLE,WATCH,image_fetch_failed,VERIFY,FIXED,,,,https://gamefaqs.gamespot.com/a/box/6/9/3/906693_front.jpg
2784,Tony Hawk's Pro Skater 3 + 4,CURATED_TITLE,WATCH,image_fetch_failed,VERIFY,FIXED,,,,https://gamefaqs.gamespot.com/a/box/5/5/0/1158550_front.jpg
1979,Trouble Witches Final: Episode 1 - Daughters of Amalgam,CURATED_TITLE,WATCH,image_fetch_failed,VERIFY,FIXED,,,,https://gamefaqs.gamespot.com/a/box/5/8/1/964581_front.jpg
